[
    {
        "id": "e90e1888-61f0-4681-8379-a4706e491235",
        "uuid": "e90e1888-61f0-4681-8379-a4706e491235",
        "brand": "adidas",
        "breadcrumbs": [],
        "category": "adidas Yeezy",
        "charityCondition": 0,
        "childId": null,
        "colorway": "White/Core Black/Red",
        "condition": "New",
        "countryOfManufacture": null,
        "dataType": "product",
        "description": null,
        "hidden": false,
        "ipoDate": null,
        "minimumBid": 25,
        "gender": "men",
        "doppelgangers": [],
        "media": {
            "imageUrl": "https://stockx.imgix.net/Adidas-Yeezy-Boost-350-V2-Zebra-Product.jpg?fit=fill&bg=FFFFFF&w=700&h=500&auto=format,compress&trim=color&q=90&dpr=2&updated_at=1538080256",
            "smallImageUrl": "https://stockx.imgix.net/Adidas-Yeezy-Boost-350-V2-Zebra-Product.jpg?fit=fill&bg=FFFFFF&w=300&h=214&auto=format,compress&trim=color&q=90&dpr=2&updated_at=1538080256",
            "thumbUrl": "https://stockx.imgix.net/Adidas-Yeezy-Boost-350-V2-Zebra-Product.jpg?fit=fill&bg=FFFFFF&w=140&h=100&auto=format,compress&trim=color&q=90&dpr=2&updated_at=1538080256",
            "gallery": [],
            "hidden": false
        },
        "name": "Zebra",
        "productCategory": "sneakers",
        "releaseDate": "2017-02-25 23:59:59",
        "releaseTime": 1487980800,
        "belowRetail": false,
        "retailPrice": 220,
        "shoe": "adidas Yeezy Boost 350 V2",
        "shortDescription": "Adidas-Yeezy-Boost-350-V2-Zebra",
        "styleId": "CP9654",
        "tickerSymbol": "YZY350V2-ZEBRA",
        "title": "adidas Yeezy Boost 350 V2 Zebra",
        "traits": [
            {
                "name": "restock_date",
                "value": "2018-11-09",
                "filterable": true,
                "visible": false,
                "highlight": false
            },
            {
                "name": "Style",
                "value": "CP9654",
                "filterable": true,
                "visible": true,
                "highlight": true
            },
            {
                "name": "arizona_eligible",
                "value": true,
                "filterable": false,
                "visible": false,
                "highlight": false
            },
            {
                "name": "gender",
                "value": "men",
                "filterable": true,
                "visible": false,
                "highlight": false
            },
            {
                "name": "Colorway",
                "value": "White/Core Black/Red",
                "filterable": false,
                "visible": true,
                "highlight": true
            },
            {
                "name": "Retail Price",
                "value": 220,
                "filterable": true,
                "visible": true,
                "highlight": false,
                "format": "currency"
            },
            {
                "name": "Release Date",
                "value": "2017-02-25",
                "filterable": true,
                "visible": true,
                "highlight": false,
                "format": "date"
            }
        ],
        "type": 0,
        "urlKey": "adidas-yeezy-boost-350-v2-white-core-black-red",
        "year": 2017,
        "shoeSize": null,
        "market": {
            "productId": 0,
            "skuUuid": null,
            "productUuid": "e90e1888-61f0-4681-8379-a4706e491235",
            "lowestAsk": 289,
            "lowestAskSize": "10",
            "parentLowestAsk": 289,
            "numberOfAsks": 8104,
            "salesThisPeriod": 1767,
            "salesLastPeriod": null,
            "highestBid": 501,
            "highestBidSize": "12.5",
            "numberOfBids": 1527,
            "annualHigh": 881,
            "annualLow": 265,
            "deadstockRangeLow": 264,
            "deadstockRangeHigh": 314,
            "volatility": 0.086187,
            "deadstockSold": 24752,
            "pricePremium": 0.314,
            "averageDeadstockPrice": 367,
            "lastSale": 289,
            "lastSaleSize": "9",
            "salesLast72Hours": 1767,
            "changeValue": -10,
            "changePercentage": -0.033445,
            "absChangePercentage": 0.033445,
            "totalDollars": 9085034,
            "updatedAt": 1577853025,
            "lastLowestAskTime": 1577849860,
            "lastHighestBidTime": 1577788716,
            "lastSaleDate": "2020-01-01T03:58:50+00:00",
            "createdAt": "2017-01-17T00:28:27+00:00",
            "deadstockSoldRank": 9,
            "pricePremiumRank": 2,
            "averageDeadstockPriceRank": 9,
            "featured": 1
        },
        "_tags": [
            "sneakers",
            "adidas",
            "adidas",
            "yeezy",
            "350",
            "v2",
            "gender|men",
            "style_id|cp9654",
            "release_date|2017-02-25",
            "restock_date|2018-11-09",
            "retail_price|220"
        ],
        "lock_selling": false,
        "selling_countries": [
            "AD",
            "AE",
            "AG",
            "AI",
            "AL",
            "AM",
            "AO",
            "AR",
            "AS",
            "AT",
            "AU",
            "AW",
            "BA",
            "BB",
            "BE",
            "BF",
            "BG",
            "BH",
            "BI",
            "BJ",
            "BM",
            "BO",
            "BR",
            "BS",
            "BT",
            "BW",
            "BY",
            "BZ",
            "CH",
            "CI",
            "CK",
            "CL",
            "CM",
            "CN",
            "CO",
            "CR",
            "CV",
            "CY",
            "CZ",
            "DE",
            "DJ",
            "DK",
            "DM",
            "DO",
            "DZ",
            "EC",
            "EE",
            "ER",
            "ET",
            "FI",
            "FJ",
            "FO",
            "GD",
            "GE",
            "GF",
            "GI",
            "GL",
            "GM",
            "GN",
            "GP",
            "GR",
            "GT",
            "GU",
            "GW",
            "GY",
            "HK",
            "HN",
            "HR",
            "HU",
            "ID",
            "IE",
            "IL",
            "IN",
            "IS",
            "JM",
            "JO",
            "JP",
            "KE",
            "KG",
            "KH",
            "KI",
            "KM",
            "KN",
            "KR",
            "KW",
            "KY",
            "KZ",
            "LA",
            "LC",
            "LI",
            "LK",
            "LS",
            "LT",
            "LU",
            "LV",
            "MA",
            "MC",
            "ME",
            "MG",
            "MH",
            "MK",
            "ML",
            "MN",
            "MO",
            "MP",
            "MQ",
            "MR",
            "MS",
            "MT",
            "MU",
            "MV",
            "MW",
            "MX",
            "MY",
            "MZ",
            "NC",
            "NE",
            "NF",
            "NG",
            "NI",
            "NL",
            "NO",
            "NP",
            "NZ",
            "OM",
            "PA",
            "PE",
            "PF",
            "PG",
            "PH",
            "PL",
            "PR",
            "PW",
            "PY",
            "QA",
            "RE",
            "RO",
            "RS",
            "RW",
            "SA",
            "SB",
            "SC",
            "SE",
            "SG",
            "SI",
            "SK",
            "SL",
            "SN",
            "SR",
            "ST",
            "SV",
            "SZ",
            "TC",
            "TD",
            "TG",
            "TH",
            "TJ",
            "TM",
            "TN",
            "TO",
            "TV",
            "TW",
            "TZ",
            "UA",
            "UG",
            "UY",
            "VA",
            "VC",
            "VE",
            "VG",
            "VI",
            "VN",
            "VU",
            "WF",
            "WS",
            "YE",
            "YT",
            "ZA",
            "ZM",
            "ZW",
            "CA",
            "FR",
            "GB",
            "GG",
            "JE",
            "US"
        ],
        "buying_countries": [
            "AD",
            "AE",
            "AG",
            "AI",
            "AL",
            "AM",
            "AO",
            "AR",
            "AS",
            "AT",
            "AU",
            "AW",
            "BA",
            "BB",
            "BE",
            "BF",
            "BG",
            "BH",
            "BI",
            "BJ",
            "BM",
            "BO",
            "BR",
            "BS",
            "BT",
            "BW",
            "BY",
            "BZ",
            "CH",
            "CI",
            "CK",
            "CL",
            "CM",
            "CN",
            "CO",
            "CR",
            "CV",
            "CY",
            "CZ",
            "DE",
            "DJ",
            "DK",
            "DM",
            "DO",
            "DZ",
            "EC",
            "EE",
            "ER",
            "ET",
            "FI",
            "FJ",
            "FO",
            "GD",
            "GE",
            "GF",
            "GI",
            "GL",
            "GM",
            "GN",
            "GP",
            "GR",
            "GT",
            "GU",
            "GW",
            "GY",
            "HK",
            "HN",
            "HR",
            "HU",
            "ID",
            "IE",
            "IL",
            "IN",
            "IS",
            "JM",
            "JO",
            "JP",
            "KE",
            "KG",
            "KH",
            "KI",
            "KM",
            "KN",
            "KR",
            "KW",
            "KY",
            "KZ",
            "LA",
            "LC",
            "LI",
            "LK",
            "LS",
            "LT",
            "LU",
            "LV",
            "MA",
            "MC",
            "ME",
            "MG",
            "MH",
            "MK",
            "ML",
            "MN",
            "MO",
            "MP",
            "MQ",
            "MR",
            "MS",
            "MT",
            "MU",
            "MV",
            "MW",
            "MX",
            "MY",
            "MZ",
            "NC",
            "NE",
            "NF",
            "NG",
            "NI",
            "NL",
            "NO",
            "NP",
            "NZ",
            "OM",
            "PA",
            "PE",
            "PF",
            "PG",
            "PH",
            "PL",
            "PR",
            "PW",
            "PY",
            "QA",
            "RE",
            "RO",
            "RS",
            "RW",
            "SA",
            "SB",
            "SC",
            "SE",
            "SG",
            "SI",
            "SK",
            "SL",
            "SN",
            "SR",
            "ST",
            "SV",
            "SZ",
            "TC",
            "TD",
            "TG",
            "TH",
            "TJ",
            "TM",
            "TN",
            "TO",
            "TV",
            "TW",
            "TZ",
            "UA",
            "UG",
            "UY",
            "VA",
            "VC",
            "VE",
            "VG",
            "VI",
            "VN",
            "VU",
            "WF",
            "WS",
            "YE",
            "YT",
            "ZA",
            "ZM",
            "ZW",
            "AZ",
            "BN",
            "CD",
            "CG",
            "EG",
            "FM",
            "GA",
            "IT",
            "MD",
            "NA",
            "PT",
            "RU",
            "SM",
            "TR",
            "TT",
            "CA",
            "FR",
            "GB",
            "GG",
            "JE",
            "ES",
            "US",
            "XK"
        ],
        "objectID": "e90e1888-61f0-4681-8379-a4706e491235"
    }
]