[
    {
        "id": "4757121a-3eb2-4bda-9793-546c4720015c",
        "uuid": "4757121a-3eb2-4bda-9793-546c4720015c",
        "brand": "Supreme",
        "breadcrumbs": [],
        "category": "Supreme Jackets",
        "charityCondition": 0,
        "childId": null,
        "colorway": "Paper Print",
        "condition": "New",
        "countryOfManufacture": null,
        "dataType": "product",
        "description": null,
        "hidden": false,
        "ipoDate": null,
        "minimumBid": 15,
        "gender": "men",
        "doppelgangers": [],
        "media": {
            "imageUrl": "https://stockx.imgix.net/products/streetwear/Supreme-The-North-Face-Paper-Print-Nuptse-Jacket-Paper-Print.jpg?fit=fill&bg=FFFFFF&w=700&h=500&auto=format,compress&trim=color&q=90&dpr=2&updated_at=1577394396",
            "smallImageUrl": "https://stockx.imgix.net/products/streetwear/Supreme-The-North-Face-Paper-Print-Nuptse-Jacket-Paper-Print.jpg?fit=fill&bg=FFFFFF&w=300&h=214&auto=format,compress&trim=color&q=90&dpr=2&updated_at=1577394396",
            "thumbUrl": "https://stockx.imgix.net/products/streetwear/Supreme-The-North-Face-Paper-Print-Nuptse-Jacket-Paper-Print.jpg?fit=fill&bg=FFFFFF&w=140&h=100&auto=format,compress&trim=color&q=90&dpr=2&updated_at=1577394396",
            "gallery": [
                "https://stockx.imgix.net/products/streetwear/Supreme-The-North-Face-Paper-Print-Nuptse-Jacket-Paper-Print.jpg?fit=fill&bg=FFFFFF&w=700&h=500&auto=format,compress&trim=color&q=90&dpr=2&updated_at=1577394396",
                "https://stockx.imgix.net/products/streetwear/Supreme-The-North-Face-Paper-Print-Nuptse-Jacket-Paper-Print-2.jpg?fit=fill&bg=FFFFFF&w=700&h=500&auto=format,compress&trim=color&q=90&dpr=2&updated_at=1577394396",
                "https://stockx.imgix.net/products/streetwear/Supreme-The-North-Face-Paper-Print-Nuptse-Jacket-Paper-Print-3.jpg?fit=fill&bg=FFFFFF&w=700&h=500&auto=format,compress&trim=color&q=90&dpr=2&updated_at=1577466455",
                "https://stockx.imgix.net/products/streetwear/Supreme-The-North-Face-Paper-Print-Nuptse-Jacket-Paper-Print-4.jpg?fit=fill&bg=FFFFFF&w=700&h=500&auto=format,compress&trim=color&q=90&dpr=2&updated_at=1577466455"
            ],
            "hidden": false
        },
        "name": "Jacket Paper Print",
        "productCategory": "streetwear",
        "releaseDate": "2019-12-26 23:59:59",
        "releaseTime": 1577318400,
        "belowRetail": false,
        "retailPrice": 398,
        "shoe": "Supreme The North Face Paper Print Nuptse",
        "shortDescription": "Supreme-The-North-Face-Paper-Print-Nuptse-Jacket-Paper-Print",
        "styleId": null,
        "tickerSymbol": "SUP-THNFPPNPP",
        "title": "Supreme The North Face Paper Print Nuptse Jacket Paper Print",
        "traits": [
            {
                "name": "Season",
                "value": "FW19",
                "filterable": true,
                "visible": true,
                "highlight": true
            },
            {
                "name": "Color",
                "value": "Paper Print",
                "filterable": false,
                "visible": true,
                "highlight": true
            },
            {
                "name": "Release Date",
                "value": "2019-12-26",
                "filterable": true,
                "visible": true,
                "highlight": false
            },
            {
                "name": "Retail",
                "value": 398,
                "filterable": true,
                "visible": true,
                "highlight": false,
                "format": "currency"
            }
        ],
        "type": 0,
        "urlKey": "supreme-the-north-face-paper-print-nuptse-jacket-paper-print",
        "year": 2019,
        "shoeSize": null,
        "market": {
            "productId": 0,
            "skuUuid": null,
            "productUuid": "4757121a-3eb2-4bda-9793-546c4720015c",
            "lowestAsk": 945,
            "lowestAskSize": "L",
            "parentLowestAsk": 945,
            "numberOfAsks": 220,
            "salesThisPeriod": 155,
            "salesLastPeriod": null,
            "highestBid": 981,
            "highestBidSize": "L",
            "numberOfBids": 514,
            "annualHigh": 1189,
            "annualLow": 730,
            "deadstockRangeLow": 938,
            "deadstockRangeHigh": 962,
            "volatility": 0.013071,
            "deadstockSold": 815,
            "pricePremium": 1.387,
            "averageDeadstockPrice": 830,
            "lastSale": 950,
            "lastSaleSize": "L",
            "salesLast72Hours": 155,
            "changeValue": 0,
            "changePercentage": 0,
            "absChangePercentage": 0,
            "totalDollars": 676519,
            "updatedAt": 1577853043,
            "lastLowestAskTime": 1577822294,
            "lastHighestBidTime": 1577789326,
            "lastSaleDate": "2020-01-01T02:54:05+00:00",
            "createdAt": "2019-12-26T13:34:30+00:00",
            "deadstockSoldRank": 56,
            "pricePremiumRank": 83,
            "averageDeadstockPriceRank": 95,
            "featured": 1
        },
        "_tags": [
            "streetwear",
            "supreme",
            "supreme",
            "jackets",
            "season|fw19",
            "release_date|2019-12-26",
            "retail_price|398"
        ],
        "lock_selling": false,
        "selling_countries": [
            "BZ",
            "CI",
            "CK",
            "CL",
            "CM",
            "CN",
            "CO",
            "CR",
            "CV",
            "DJ",
            "DM",
            "DO",
            "DZ",
            "EC",
            "ER",
            "ET",
            "FJ",
            "GD",
            "GF",
            "GL",
            "GM",
            "GN",
            "GP",
            "GT",
            "GU",
            "GW",
            "GY",
            "HK",
            "HN",
            "ID",
            "IL",
            "IN",
            "JM",
            "JO",
            "KE",
            "KG",
            "KH",
            "KI",
            "KM",
            "KN",
            "KR",
            "KW",
            "KY",
            "LA",
            "LC",
            "LK",
            "LS",
            "MA",
            "MG",
            "MH",
            "ML",
            "MN",
            "MO",
            "MP",
            "MQ",
            "MR",
            "MS",
            "MU",
            "MV",
            "MW",
            "MX",
            "MY",
            "MZ",
            "NC",
            "NE",
            "NF",
            "NG",
            "NI",
            "NP",
            "NZ",
            "OM",
            "PA",
            "PE",
            "PF",
            "PG",
            "PH",
            "PR",
            "PW",
            "PY",
            "QA",
            "RE",
            "RW",
            "SA",
            "SB",
            "SC",
            "SG",
            "SL",
            "SN",
            "SR",
            "ST",
            "SV",
            "SZ",
            "TC",
            "TD",
            "TG",
            "TH",
            "TJ",
            "TM",
            "TN",
            "TO",
            "TV",
            "TW",
            "TZ",
            "UG",
            "UY",
            "VC",
            "VE",
            "VG",
            "VI",
            "VN",
            "VU",
            "WF",
            "WS",
            "YE",
            "YT",
            "ZA",
            "ZM",
            "ZW",
            "GG",
            "JE",
            "AD",
            "AL",
            "AM",
            "AT",
            "BA",
            "BE",
            "BG",
            "BY",
            "CH",
            "CY",
            "CZ",
            "DE",
            "DK",
            "EE",
            "FI",
            "FO",
            "GE",
            "GI",
            "GR",
            "HR",
            "HU",
            "IE",
            "IS",
            "JP",
            "KZ",
            "LI",
            "LT",
            "LU",
            "LV",
            "MC",
            "ME",
            "MK",
            "MT",
            "NL",
            "NO",
            "PL",
            "RO",
            "RS",
            "SE",
            "SI",
            "SK",
            "UA",
            "VA",
            "CA",
            "FR",
            "GB",
            "US",
            "AU",
            "AE",
            "AG",
            "AI",
            "AO",
            "AR",
            "AS",
            "AW",
            "BB",
            "BF",
            "BH",
            "BI",
            "BJ",
            "BM",
            "BO",
            "BR",
            "BS",
            "BT",
            "BW"
        ],
        "buying_countries": [
            "BZ",
            "CI",
            "CK",
            "CL",
            "CM",
            "CN",
            "CO",
            "CR",
            "CV",
            "DJ",
            "DM",
            "DO",
            "DZ",
            "EC",
            "ER",
            "ET",
            "FJ",
            "GD",
            "GF",
            "GL",
            "GM",
            "GN",
            "GP",
            "GT",
            "GU",
            "GW",
            "GY",
            "HK",
            "HN",
            "ID",
            "IL",
            "IN",
            "JM",
            "JO",
            "KE",
            "KG",
            "KH",
            "KI",
            "KM",
            "KN",
            "KR",
            "KW",
            "KY",
            "LA",
            "LC",
            "LK",
            "LS",
            "MA",
            "MG",
            "MH",
            "ML",
            "MN",
            "MO",
            "MP",
            "MQ",
            "MR",
            "MS",
            "MU",
            "MV",
            "MW",
            "MX",
            "MY",
            "MZ",
            "NC",
            "NE",
            "NF",
            "NG",
            "NI",
            "NP",
            "NZ",
            "OM",
            "PA",
            "PE",
            "PF",
            "PG",
            "PH",
            "PR",
            "PW",
            "PY",
            "QA",
            "RE",
            "RW",
            "SA",
            "SB",
            "SC",
            "SG",
            "SL",
            "SN",
            "SR",
            "ST",
            "SV",
            "SZ",
            "TC",
            "TD",
            "TG",
            "TH",
            "TJ",
            "TM",
            "TN",
            "TO",
            "TV",
            "TW",
            "TZ",
            "UG",
            "UY",
            "VC",
            "VE",
            "VG",
            "VI",
            "VN",
            "VU",
            "WF",
            "WS",
            "YE",
            "YT",
            "ZA",
            "ZM",
            "ZW",
            "BN",
            "CD",
            "CG",
            "EG",
            "FM",
            "GA",
            "NA",
            "TT",
            "GG",
            "JE",
            "AD",
            "AL",
            "AM",
            "AT",
            "BA",
            "BE",
            "BG",
            "BY",
            "CH",
            "CY",
            "CZ",
            "DE",
            "DK",
            "EE",
            "FI",
            "FO",
            "GE",
            "GI",
            "GR",
            "HR",
            "HU",
            "IE",
            "IS",
            "JP",
            "KZ",
            "LI",
            "LT",
            "LU",
            "LV",
            "MC",
            "ME",
            "MK",
            "MT",
            "NL",
            "NO",
            "PL",
            "RO",
            "RS",
            "SE",
            "SI",
            "SK",
            "UA",
            "VA",
            "AZ",
            "IT",
            "MD",
            "PT",
            "RU",
            "SM",
            "TR",
            "CA",
            "FR",
            "GB",
            "ES",
            "US",
            "XK",
            "AU",
            "AE",
            "AG",
            "AI",
            "AO",
            "AR",
            "AS",
            "AW",
            "BB",
            "BF",
            "BH",
            "BI",
            "BJ",
            "BM",
            "BO",
            "BR",
            "BS",
            "BT",
            "BW"
        ],
        "objectID": "4757121a-3eb2-4bda-9793-546c4720015c"
    }
]