[
    {
        "id": "92429f42-ce59-4fe6-aa8e-a0c4e33226e3",
        "uuid": "92429f42-ce59-4fe6-aa8e-a0c4e33226e3",
        "brand": "Rolex",
        "breadcrumbs": [],
        "category": "Rolex Submariner",
        "charityCondition": 0,
        "childId": null,
        "colorway": null,
        "condition": "Pre-Owned: Excellent",
        "countryOfManufacture": null,
        "dataType": "product",
        "description": null,
        "hidden": false,
        "ipoDate": null,
        "minimumBid": 100,
        "gender": "men",
        "doppelgangers": [],
        "media": {
            "imageUrl": "https://stockx.imgix.net/products/watches/Rolex-Submariner-114060-Black-front.jpg?fit=fill&bg=FFFFFF&w=700&h=500&auto=format,compress&trim=color&q=90&dpr=2&updated_at=1538080256",
            "smallImageUrl": "https://stockx.imgix.net/products/watches/Rolex-Submariner-114060-Black-front.jpg?fit=fill&bg=FFFFFF&w=300&h=214&auto=format,compress&trim=color&q=90&dpr=2&updated_at=1538080256",
            "thumbUrl": "https://stockx.imgix.net/products/watches/Rolex-Submariner-114060-Black-front.jpg?fit=fill&bg=FFFFFF&w=140&h=100&auto=format,compress&trim=color&q=90&dpr=2&updated_at=1538080256",
            "gallery": [],
            "hidden": false
        },
        "name": "114060",
        "productCategory": "watches",
        "releaseDate": null,
        "releaseTime": null,
        "belowRetail": false,
        "retailPrice": 7500,
        "shoe": "Rolex Submariner",
        "shortDescription": "Rolex-Submariner-114060-Black",
        "styleId": null,
        "tickerSymbol": "RX-114060BK",
        "title": "Rolex Submariner 114060",
        "traits": [
            {
                "name": "Reference Number",
                "value": "114060",
                "filterable": false,
                "visible": true,
                "highlight": true
            },
            {
                "name": "gender",
                "value": "men",
                "filterable": true,
                "visible": false,
                "highlight": false
            },
            {
                "name": "styles",
                "value": "Dress",
                "filterable": true,
                "visible": false,
                "highlight": false
            },
            {
                "name": "base_model",
                "value": "Submariner",
                "filterable": false,
                "visible": false,
                "highlight": false
            },
            {
                "name": "Case Size",
                "value": "40mm",
                "filterable": true,
                "visible": true,
                "highlight": true
            },
            {
                "name": "Case Material",
                "value": "Stainless Steel",
                "filterable": true,
                "visible": true,
                "highlight": false
            },
            {
                "name": "Band",
                "value": "Stainless Steel",
                "filterable": false,
                "visible": true,
                "highlight": false
            },
            {
                "name": "Movement",
                "value": "Automatic",
                "filterable": false,
                "visible": true,
                "highlight": false
            },
            {
                "name": "Dial",
                "value": "Black",
                "filterable": true,
                "visible": true,
                "highlight": false
            },
            {
                "name": "Retail",
                "value": 7500,
                "filterable": true,
                "visible": true,
                "highlight": false,
                "format": "currency"
            }
        ],
        "type": 0,
        "urlKey": "rolex-submariner-114060-black",
        "year": null,
        "shoeSize": null,
        "market": {
            "productId": 0,
            "skuUuid": null,
            "productUuid": "92429f42-ce59-4fe6-aa8e-a0c4e33226e3",
            "lowestAsk": 9050,
            "lowestAskSize": "Not Included",
            "parentLowestAsk": 9050,
            "numberOfAsks": 11,
            "salesThisPeriod": 1,
            "salesLastPeriod": null,
            "highestBid": 8410,
            "highestBidSize": "Included",
            "numberOfBids": 16,
            "annualHigh": 9678,
            "annualLow": 6201,
            "deadstockRangeLow": 5396,
            "deadstockRangeHigh": 7006,
            "volatility": 0.129867,
            "deadstockSold": 47,
            "pricePremium": -0.173,
            "averageDeadstockPrice": 8026,
            "lastSale": 6201,
            "lastSaleSize": "Not Included",
            "salesLast72Hours": 1,
            "changeValue": -2449,
            "changePercentage": -0.283121,
            "absChangePercentage": 0.283121,
            "totalDollars": 377226,
            "updatedAt": 1577851633,
            "lastLowestAskTime": 1577678369,
            "lastHighestBidTime": 1577786844,
            "lastSaleDate": "2019-12-30T04:05:14+00:00",
            "createdAt": "2017-05-10T11:29:54+00:00",
            "deadstockSoldRank": 27,
            "pricePremiumRank": 83,
            "averageDeadstockPriceRank": 6,
            "featured": 1
        },
        "_tags": [
            "watches",
            "rolex",
            "rolex",
            "submariner",
            "retail_price|7500",
            "case_material|stainless steel",
            "dial|black",
            "gender|men",
            "styles|dress",
            "case_size|40mm"
        ],
        "lock_selling": false,
        "selling_countries": [
            "US"
        ],
        "buying_countries": [
            "US",
            "AD",
            "AE",
            "AG",
            "AI",
            "AL",
            "AM",
            "AO",
            "AR",
            "AS",
            "AT",
            "AU",
            "AW",
            "BA",
            "BB",
            "BE",
            "BF",
            "BG",
            "BH",
            "BI",
            "BJ",
            "BM",
            "BO",
            "BR",
            "BS",
            "BT",
            "BW",
            "BY",
            "BZ",
            "CH",
            "CI",
            "CK",
            "CL",
            "CM",
            "CN",
            "CO",
            "CR",
            "CV",
            "CY",
            "CZ",
            "DE",
            "DJ",
            "DK",
            "DM",
            "DO",
            "DZ",
            "EC",
            "EE",
            "ER",
            "ET",
            "FI",
            "FJ",
            "FO",
            "GD",
            "GE",
            "GF",
            "GI",
            "GL",
            "GM",
            "GN",
            "GP",
            "GR",
            "GT",
            "GU",
            "GW",
            "GY",
            "HK",
            "HN",
            "HR",
            "HU",
            "ID",
            "IE",
            "IL",
            "IN",
            "IS",
            "JM",
            "JO",
            "JP",
            "KE",
            "KG",
            "KH",
            "KI",
            "KM",
            "KN",
            "KR",
            "KW",
            "KY",
            "KZ",
            "LA",
            "LC",
            "LI",
            "LK",
            "LS",
            "LT",
            "LU",
            "LV",
            "MA",
            "MC",
            "ME",
            "MG",
            "MH",
            "MK",
            "ML",
            "MN",
            "MO",
            "MP",
            "MQ",
            "MR",
            "MS",
            "MT",
            "MU",
            "MV",
            "MW",
            "MX",
            "MY",
            "MZ",
            "NC",
            "NE",
            "NF",
            "NG",
            "NI",
            "NL",
            "NO",
            "NP",
            "NZ",
            "OM",
            "PA",
            "PE",
            "PF",
            "PG",
            "PH",
            "PL",
            "PR",
            "PW",
            "PY",
            "QA",
            "RE",
            "RO",
            "RS",
            "RW",
            "SA",
            "SB",
            "SC",
            "SE",
            "SG",
            "SI",
            "SK",
            "SL",
            "SN",
            "SR",
            "ST",
            "SV",
            "SZ",
            "TC",
            "TD",
            "TG",
            "TH",
            "TJ",
            "TM",
            "TN",
            "TO",
            "TV",
            "TW",
            "TZ",
            "UA",
            "UG",
            "UY",
            "VA",
            "VC",
            "VE",
            "VG",
            "VI",
            "VN",
            "VU",
            "WF",
            "WS",
            "YE",
            "YT",
            "ZA",
            "ZM",
            "ZW",
            "AZ",
            "BN",
            "CD",
            "CG",
            "EG",
            "FM",
            "GA",
            "IT",
            "MD",
            "NA",
            "PT",
            "RU",
            "SM",
            "TR",
            "TT",
            "CA",
            "FR",
            "GB",
            "GG",
            "JE",
            "ES",
            "XK"
        ],
        "objectID": "92429f42-ce59-4fe6-aa8e-a0c4e33226e3"
    }
]